{
  "train_acc": [
    0.25108,
    0.362,
    0.4217,
    0.46394,
    0.49368,
    0.51594,
    0.53112,
    0.54552,
    0.55622,
    0.56536,
    0.57574,
    0.58244,
    0.59164,
    0.59798,
    0.60584
  ],
  "test_acc": [
    0.3772,
    0.4716,
    0.5198,
    0.5617,
    0.6022,
    0.6217,
    0.6477,
    0.6646,
    0.6689,
    0.668,
    0.6991,
    0.6906,
    0.6997,
    0.7155,
    0.7001
  ]
}