{
  "train_acc": [
    0.21729826890339707,
    0.2933500197788471,
    0.3404203528243084,
    0.37061054974191904,
    0.3944466043675523,
    0.4104397432623858,
    0.42509184924974247,
    0.4358938346820744,
    0.44670299077774195,
    0.45551837354864816,
    0.4633251780485153,
    0.46810958808503783,
    0.4793812326467839,
    0.48007508234720603,
    0.4885148107053456
  ],
  "test_acc": [
    0.3584,
    0.4391,
    0.508,
    0.5507,
    0.5677,
    0.5646,
    0.5879,
    0.6227,
    0.6389,
    0.6357,
    0.6469,
    0.6637,
    0.6676,
    0.6642,
    0.6687
  ]
}