{
  "train_acc": [
    0.24404629298386077,
    0.33880946214090574,
    0.3819185895992824,
    0.4082936732469619,
    0.4289432131874913,
    0.45174524478716477,
    0.4651245392900419,
    0.481607988196029,
    0.49230054818099905,
    0.5018982790180686,
    0.5102982661814173,
    0.522709940494169,
    0.5246899713751072,
    0.5329737227281299,
    0.5403342258752897
  ],
  "test_acc": [
    0.3796,
    0.4394,
    0.4768,
    0.5018,
    0.5232,
    0.5306,
    0.5451,
    0.542,
    0.5968,
    0.612,
    0.6148,
    0.6074,
    0.6177,
    0.636,
    0.6409
  ]
}