{
  "train_acc": [
    0.17089446060736918,
    0.2523433164472205,
    0.3082838925162349,
    0.334105127195222,
    0.35995096980438845,
    0.37706798661837515,
    0.3933349217342917,
    0.40579145441637926,
    0.41162064418603617,
    0.42486858456803295,
    0.43792394509550453,
    0.43599987474960566,
    0.4498114671660016,
    0.4574881526759665,
    0.46022676186152384
  ],
  "test_acc": [
    0.3049,
    0.3839,
    0.4345,
    0.4721,
    0.4591,
    0.4968,
    0.5316,
    0.566,
    0.5593,
    0.5733,
    0.5961,
    0.5904,
    0.6137,
    0.6252,
    0.6337
  ]
}