{
  "train_acc": [
    0.30006,
    0.44572,
    0.52186,
    0.56568,
    0.60418,
    0.6329,
    0.65056,
    0.67086,
    0.68432,
    0.6972,
    0.70716,
    0.71932,
    0.72554,
    0.73926,
    0.74268
  ],
  "test_acc": [
    0.4127,
    0.4903,
    0.5491,
    0.588,
    0.6248,
    0.6088,
    0.639,
    0.6681,
    0.6915,
    0.6805,
    0.707,
    0.6889,
    0.7097,
    0.7371,
    0.7291
  ]
}