{
  "train_acc": [
    0.1004,
    0.09736,
    0.09982,
    0.09858,
    0.09838,
    0.09774,
    0.09646,
    0.09704,
    0.10006,
    0.09632,
    0.09824,
    0.09896,
    0.09648,
    0.09956,
    0.09842
  ],
  "test_acc": [
    0.1,
    0.1,
    0.1,
    0.1002,
    0.1,
    0.0999,
    0.1,
    0.1003,
    0.0973,
    0.1004,
    0.0969,
    0.0981,
    0.0999,
    0.0998,
    0.0998
  ]
}