{
  "train_acc": [
    0.1636956379056153,
    0.2318916668797801,
    0.28006489417434643,
    0.3090465116389378,
    0.332993982700384,
    0.3539112319535399,
    0.3739013942052598,
    0.3858821596257646,
    0.3985901578653055,
    0.40600121794576394,
    0.41864007249639845,
    0.4254365439616683,
    0.42854599473758304,
    0.4397839425027256,
    0.4434507235373182
  ],
  "test_acc": [
    0.3256,
    0.3744,
    0.3902,
    0.4303,
    0.4746,
    0.4755,
    0.5097,
    0.5359,
    0.5415,
    0.5554,
    0.5593,
    0.5726,
    0.5881,
    0.5934,
    0.5977
  ]
}