{
  "train_acc": [
    0.24922,
    0.32592,
    0.36718,
    0.39602,
    0.42276,
    0.4415,
    0.45776,
    0.47124,
    0.48594,
    0.49588,
    0.50558,
    0.51424,
    0.52074,
    0.52956,
    0.53732
  ],
  "test_acc": [
    0.3193,
    0.3542,
    0.3872,
    0.4079,
    0.4149,
    0.425,
    0.4431,
    0.4807,
    0.4784,
    0.4983,
    0.4897,
    0.5041,
    0.4756,
    0.524,
    0.5275
  ]
}