{
  "train_acc": [
    0.2614378926771523,
    0.3942292723532977,
    0.44089311491659383,
    0.47325234255447046,
    0.50392854967567,
    0.5254999962248875,
    0.5417343163746385,
    0.5550075779697601,
    0.5691440450898123,
    0.5800510456553326,
    0.588294581619023,
    0.5967182529298646,
    0.6033581494742057,
    0.6125783565691395,
    0.6195642206346108
  ],
  "test_acc": [
    0.4043,
    0.5061,
    0.532,
    0.5757,
    0.5965,
    0.6285,
    0.6498,
    0.6544,
    0.6863,
    0.6965,
    0.6859,
    0.7025,
    0.7083,
    0.7211,
    0.7313
  ]
}