{
  "train_acc": [
    0.19649618054335377,
    0.25298025362241694,
    0.2974592385834303,
    0.3219745095987528,
    0.3442452371214063,
    0.3572617466590568,
    0.36951577862768603,
    0.3740766867868612,
    0.3842234487447765,
    0.3913778899711206,
    0.3995181606819286,
    0.40602920977571344,
    0.40892271701168176,
    0.4186668875677461,
    0.4225848076388615
  ],
  "test_acc": [
    0.2745,
    0.2951,
    0.3399,
    0.3622,
    0.3744,
    0.4071,
    0.3855,
    0.4243,
    0.3997,
    0.452,
    0.4455,
    0.4591,
    0.4879,
    0.4758,
    0.4953
  ]
}