{
  "train_acc": [
    0.26292,
    0.38624,
    0.43602,
    0.47624,
    0.50868,
    0.52778,
    0.54404,
    0.56318,
    0.5777,
    0.5954,
    0.60542,
    0.61186,
    0.62586,
    0.63148,
    0.64154
  ],
  "test_acc": [
    0.3766,
    0.4426,
    0.4797,
    0.5037,
    0.5383,
    0.518,
    0.5478,
    0.5722,
    0.5778,
    0.6043,
    0.63,
    0.5898,
    0.6156,
    0.6212,
    0.63
  ]
}