{
  "train_acc": [
    0.1863,
    0.29124,
    0.34948,
    0.39356,
    0.4248,
    0.45808,
    0.47684,
    0.49136,
    0.50918,
    0.52148,
    0.53716,
    0.5456,
    0.5571,
    0.56502,
    0.57898
  ],
  "test_acc": [
    0.3484,
    0.4051,
    0.4396,
    0.4833,
    0.5139,
    0.5129,
    0.5434,
    0.5688,
    0.5882,
    0.5908,
    0.6076,
    0.6108,
    0.6271,
    0.6272,
    0.6375
  ]
}