{
  "baseline": {
    "acc1": 0.7291,
    "acc3": 0.9322,
    "err1": 0.27090000000000003,
    "err3": 0.06779999999999997,
    "per_cls": [
      0.78,
      0.895,
      0.536,
      0.361,
      0.74,
      0.707,
      0.796,
      0.835,
      0.774,
      0.867
    ]
  },
  "random_shuffle": {
    "acc1": 0.0998,
    "acc3": 0.3064,
    "err1": 0.9002,
    "err3": 0.6936,
    "per_cls": [
      0.005,
      0.0,
      0.992,
      0.0,
      0.0,
      0.0,
      0.0,
      0.001,
      0.0,
      0.0
    ]
  },
  "noisy20": {
    "acc1": 0.7001,
    "acc3": 0.9174,
    "err1": 0.29990000000000006,
    "err3": 0.0826,
    "per_cls": [
      0.72,
      0.857,
      0.444,
      0.737,
      0.763,
      0.518,
      0.675,
      0.554,
      0.841,
      0.892
    ]
  },
  "perturb": {
    "acc1": 0.583,
    "acc3": 0.8462,
    "err1": 0.41700000000000004,
    "err3": 0.15380000000000005,
    "per_cls": [
      0.701,
      0.7,
      0.35,
      0.092,
      0.556,
      0.251,
      0.885,
      0.699,
      0.765,
      0.831
    ]
  },
  "mixup": {
    "acc1": 0.7313,
    "acc3": 0.9345,
    "err1": 0.26870000000000005,
    "err3": 0.0655,
    "per_cls": [
      0.698,
      0.856,
      0.601,
      0.529,
      0.643,
      0.642,
      0.856,
      0.822,
      0.844,
      0.822
    ]
  },
  "rotaterandom": {
    "acc1": 0.5275,
    "acc3": 0.8308,
    "err1": 0.47250000000000003,
    "err3": 0.16920000000000002,
    "per_cls": [
      0.679,
      0.538,
      0.296,
      0.205,
      0.527,
      0.374,
      0.722,
      0.636,
      0.572,
      0.726
    ]
  },
  "blur": {
    "acc1": 0.63,
    "acc3": 0.8828,
    "err1": 0.37,
    "err3": 0.11719999999999997,
    "per_cls": [
      0.741,
      0.862,
      0.254,
      0.368,
      0.713,
      0.303,
      0.811,
      0.617,
      0.82,
      0.811
    ]
  },
  "color": {
    "acc1": 0.6375,
    "acc3": 0.8884,
    "err1": 0.36250000000000004,
    "err3": 0.11160000000000003,
    "per_cls": [
      0.751,
      0.772,
      0.349,
      0.333,
      0.672,
      0.346,
      0.792,
      0.744,
      0.82,
      0.796
    ]
  },
  "noisy20_mixup": {
    "acc1": 0.6687,
    "acc3": 0.9035,
    "err1": 0.33130000000000004,
    "err3": 0.09650000000000003,
    "per_cls": [
      0.697,
      0.943,
      0.603,
      0.469,
      0.505,
      0.575,
      0.826,
      0.603,
      0.824,
      0.642
    ]
  },
  "blur_mixup": {
    "acc1": 0.6409,
    "acc3": 0.8844,
    "err1": 0.3591,
    "err3": 0.11560000000000004,
    "per_cls": [
      0.761,
      0.842,
      0.276,
      0.431,
      0.381,
      0.525,
      0.835,
      0.763,
      0.757,
      0.838
    ]
  },
  "color_mixup": {
    "acc1": 0.6337,
    "acc3": 0.8852,
    "err1": 0.36629999999999996,
    "err3": 0.11480000000000001,
    "per_cls": [
      0.656,
      0.748,
      0.42,
      0.191,
      0.596,
      0.46,
      0.83,
      0.755,
      0.822,
      0.859
    ]
  },
  "perturb_mixup": {
    "acc1": 0.5977,
    "acc3": 0.8534,
    "err1": 0.4023,
    "err3": 0.14659999999999995,
    "per_cls": [
      0.709,
      0.723,
      0.331,
      0.188,
      0.6,
      0.336,
      0.747,
      0.876,
      0.729,
      0.738
    ]
  },
  "rotaterandom_mixup": {
    "acc1": 0.4953,
    "acc3": 0.8057,
    "err1": 0.5046999999999999,
    "err3": 0.19430000000000003,
    "per_cls": [
      0.496,
      0.526,
      0.231,
      0.173,
      0.392,
      0.396,
      0.751,
      0.548,
      0.69,
      0.75
    ]
  }
}