{
  "baseline\u2194mixup": {
    "acc_base": 0.7291,
    "acc_mix": 0.7313,
    "delta": 0.0022,
    "ci": [
      -0.0053,
      0.0098
    ],
    "n01": 735,
    "n10": 757,
    "chi2": 0.2955764075067024,
    "pvalue": 0.5866689989003315
  },
  "noisy20\u2194noisy20_mixup": {
    "acc_base": 0.7001,
    "acc_mix": 0.6687,
    "delta": -0.0314,
    "ci": [
      -0.0405,
      -0.0223
    ],
    "n01": 1216,
    "n10": 902,
    "chi2": 46.255429650613785,
    "pvalue": 1.0379849994687154e-11
  },
  "blur\u2194blur_mixup": {
    "acc_base": 0.63,
    "acc_mix": 0.6409,
    "delta": 0.0109,
    "ci": [
      0.0027,
      0.0192
    ],
    "n01": 853,
    "n10": 962,
    "chi2": 6.426446280991735,
    "pvalue": 0.011243331690886732
  },
  "color\u2194color_mixup": {
    "acc_base": 0.6375,
    "acc_mix": 0.6337,
    "delta": -0.0038,
    "ci": [
      -0.0114,
      0.0038
    ],
    "n01": 749,
    "n10": 711,
    "chi2": 0.9376712328767123,
    "pvalue": 0.332877461428949
  },
  "perturb\u2194perturb_mixup": {
    "acc_base": 0.583,
    "acc_mix": 0.5977,
    "delta": 0.0147,
    "ci": [
      0.0066,
      0.0228
    ],
    "n01": 796,
    "n10": 943,
    "chi2": 12.25761932144911,
    "pvalue": 0.00046336228111086406
  },
  "rotaterandom\u2194rotaterandom_mixup": {
    "acc_base": 0.5275,
    "acc_mix": 0.4953,
    "delta": -0.0322,
    "ci": [
      -0.0404,
      -0.0238
    ],
    "n01": 1061,
    "n10": 739,
    "chi2": 57.245,
    "pvalue": 3.8476604049593265e-14
  }
}