{
  "train_acc": [
    0.17366,
    0.27402,
    0.32458,
    0.37196,
    0.40662,
    0.42786,
    0.44432,
    0.46206,
    0.47598,
    0.48536,
    0.4987,
    0.51362,
    0.5231,
    0.52926,
    0.53542
  ],
  "test_acc": [
    0.3275,
    0.3983,
    0.4005,
    0.4521,
    0.4722,
    0.4911,
    0.5127,
    0.5305,
    0.5693,
    0.5639,
    0.5629,
    0.5632,
    0.5889,
    0.6024,
    0.583
  ]
}